label,text
0,рублей квартира заказ доставка номер тел объекта казани наличии стоимость
1,квартира цена мебель день тел техника сдается квартиру сдам дом
2,коли від але якщо мене він щоб день його хто
3,мен бір деп бар үшін адам емес керек сен жоқ
4,мен деп бір бар үшін болады керек бұл және деген
5,amp house remix love art original label release pht amv
6,цена продам руб наличии состоянии размер грн торг обмен куплю
7,бір мен деп бар үшін және бұл жоқ алла олар
8,минут ингредиенты масло добавить соль тесто приготовление яйца перец лук
9,ваши сyммы личные руб суммы электронный предлагаем пишите сообщения кошелек
