topic_id,topic_tokens
0,серия порядке сегодня сезон сериал
1,любовь любить сердце люди знаешь
2,людей люди хочется жизни умеешь
3,жизнь жизни человека люди людей
4,минут масло воды затем масла
5,окружающим людей уважение людям следует
6,бизнес страница теги como сайт
7,лишь свет руки любви детей
8,женщина говорит мужчина муж сказала
9,репост выбираем авы группу рандомно
10,умер мама дверь лицо парень
11,реж amp год художник love
12,тела организма руки организм помогает
13,сша италия озеро германия польша
14,чтo кaк этo мeня мнe
15,ряд сбн лиц петли вместе
16,настроение хочу нахуй люблю хочешь
17,идея кот дизайн красиво красивая
18,доброе утро твоё боишься веришь
19,бесполезно спорить хочешь людей люди
20,админ бар тел сатылады iphone
21,здравствуйте добрый тел день рублей
22,лев скорпион мори стрелец львы
23,группы фото почтой видео заказ
24,сегодня почему немного сделал гугл
25,сегодня день людей стоит жизни
26,люди день главное значит сказать
27,работы работа зарплата требуется работу
28,необходимо например случае поэтому времени
29,sex big anal ass tits
30,автор друзья дня дорогие сегодня
31,зодиака весы июня близнецы водолей
32,год дом москва города город
33,хочу люблю знаю друг день
34,ролях режиссер выложены ноги ᅠᅠᅠᅠ
35,цена руб размер рублей состоянии
36,мин белән козерог козероги разгон
37,жанр порно драма секс фильм
38,является деньги людей правило компании
39,фото хочу делаем анон ищу
40,que não pra você uma
41,года россии году мвд республики
42,лет день года год ссср
43,верность люди любить спорить человека
44,году лет является ученые самых
45,bir рак ben раки ama
46,бог бога имя сказал господь
47,игры трейлер футбол игра сделал
48,продам отдам куплю писать личку
49,seat سكس ibiza black concept
